"Df","Sum Sq","Mean Sq","F value","Pr(>F)"
3,1468.85765557634,489.619218525446,13.1427353842112,1.40949542280122e-08
497170,18521561.8939364,37.2539813221562,NA,NA
