"season","p_value"
"Fall",0.132390741700434
"Winter",0.379054572337458
"Spring",1.54379327102245e-05
"Summer",3.56859367494271e-05
